{
  "dependencies": {
    "zone.js": "github:gdi2290/typed-zone.js#66ea8a3451542bb7798369306840e46be1d6ec89"
  },
  "devDependencies": {},
  "ambientDependencies": {
    "cordova": "registry:dt/cordova#0.0.0+20160316155526",
    "es6-promise": "registry:dt/es6-promise#0.0.0+20160317120654",
    "jasmine": "registry:dt/jasmine#2.2.0+20160412134438",
    "lodash": "registry:dt/lodash#3.10.0+20160330154726",
    "moment": "registry:dt/moment#2.8.0+20160316155526",
    "phonegap-nfc": "registry:dt/phonegap-nfc#0.0.0+20160319034200"
  }
}
